DCS,probability
0,0
1,0.0019833709059310055
2,0.017623619624481644
3,0.07074969598661195
4,0.16470312751110358
5,0.2464903433086548
6,0.24640190839219936
7,0.1643158942224382
8,0.07028019765938337
9,0.017451842389196094
10,0.0019708352810070885
